Year,Volume
2018,323653076.9230769
2019,274368055.5555556
2020,419713201.5810277
2021,340299642.85714287
2022,366583585.6573705
2023,324648024.69135803
