Year,Close
2018,864.5763333054778
2019,1079.5302904064135
2020,2521.7045359731846
2021,1617.3014304314693
2022,1729.2550826585052
2023,684.57344241792
